"Contrast","Feature","N","N_subjects","N_excluded","singular","path_a_coef","path_a_se","path_a_t","path_a_df","path_a_p","path_a_p_adj","path_a_CI_lo","path_a_CI_hi","path_a_d"
"TICue_vs_SoundOnly","central_so_spindle",3199,28,0,FALSE,0.0560136907022378,0.0350176210156087,1.59958583929132,3182.42261801053,0.109789755706553,0.35132721826097,-0.0126456982369372,0.124673079641413,0.0560136907022378
"TICue_vs_SoundOnly","central_delta_spindle",3199,28,0,FALSE,-0.0646578677544708,0.0353474039180293,-1.82921121744648,3196.47520659958,0.0674610844165835,0.274793766134441,-0.13396374930298,0.00464801379403866,-0.0646578677544708
"TICue_vs_SoundOnly","posterior_delta_spindle",3199,28,0,FALSE,0.0403076233444824,0.0353594118910095,1.13994043421098,3196.58784140316,0.254396524498143,0.581477770281469,-0.029021801388305,0.10963704807727,0.0403076233444824
"TICue_vs_SoundOnly","right_temporal_spindle_peak_freq",3199,28,0,FALSE,-0.00899796429470522,0.0345330255565745,-0.260561133861964,3175.70447083975,0.794447858570388,0.964535303795869,-0.0767072567177161,0.0587113281283056,-0.00899796429470522
"TICue_vs_SoundOnly","left_temporal_spindle_peak_freq",3199,28,0,FALSE,-0.00210317252373952,0.0344668971968496,-0.0610200712796321,3176.06154139668,0.951347063572085,0.964535303795869,-0.0696828034297294,0.0654764583822504,-0.00210317252373952
"TICue_vs_SoundOnly","frontal_central_so_spindle",3199,28,0,FALSE,0.00572464111249639,0.0348018034650498,0.164492656774108,3180.07400392932,0.86935378127023,0.964535303795869,-0.0625116114372231,0.0739608936622159,0.00572464111249639
"TICue_vs_SoundOnly","right_temporal_so_spindle",3199,28,0,FALSE,0.0339989904478808,0.0353289285173186,0.962355550387386,3192.12749731324,0.335943925833148,0.661129631837323,-0.0352707020017265,0.103268682897488,0.0339989904478808
"TICue_vs_SoundOnly","posterior_sigma_burst_amp",3199,28,0,FALSE,0.0492008622721315,0.0347104116567484,1.41746697672961,3180.02644901594,0.156444411615303,0.417185097640808,-0.0188561978103745,0.117257922354637,0.0492008622721315
"TICue_vs_SoundOnly","left_temporal_delta_spindle",3199,28,0,FALSE,-0.0015728328292304,0.0353711574861335,-0.0444665354773022,3196.59132843268,0.964535303795869,0.964535303795869,-0.0709252871967394,0.0677796215382786,-0.0015728328292304
"TICue_vs_SoundOnly","right_temporal_delta_spindle",3199,28,0,TRUE,-0.031584839219591,0.0353664784881807,-0.893072778793809,3197.0000000246,0.371885417908494,0.661129631837323,-0.10092811608837,0.0377584376491885,-0.031584839219591
"TICue_vs_SoundOnly","central_aperiodic",3199,28,0,FALSE,0.119654796153253,0.0344577798671704,3.47250451464094,3175.88999113213,0.000522511926579657,0.00836019082527451,0.0520930403062798,0.187216552000226,0.119654796153253
"TICue_vs_SoundOnly","left_temporal_so_spindle",3199,28,0,FALSE,0.0643782868825776,0.0353530238156461,1.82101217758029,3196.74400933338,0.0686984415336102,0.274793766134441,-0.00493861142738448,0.13369518519254,0.0643782868825776
"TICue_vs_SoundOnly","frontal_delta_spindle",3199,28,0,FALSE,0.0224880094902429,0.0353689037955678,0.635813018696411,3196.99244680556,0.524943811070111,0.839910097712178,-0.0468600227560407,0.0918360417365266,0.0224880094902429
"TICue_vs_SoundOnly","occipital_delta_spindle",3199,28,0,FALSE,-0.0103879543985978,0.0353631139354178,-0.293751122075076,3196.13811544715,0.768967160156217,0.964535303795869,-0.0797246414490075,0.058948732651812,-0.0103879543985978
"TICue_vs_SoundOnly","posterior_spindle_peak_freq",3199,28,0,FALSE,-0.0955454518842641,0.0334156666260291,-2.85930108633054,3173.3779975005,0.00427346638299586,0.0341877310639669,-0.16106394437235,-0.0300269593961785,-0.0955454518842641
"TICue_vs_SoundOnly","posterior_theta_power",3199,28,0,FALSE,0.00595762760816851,0.0342828908342737,0.173778449342798,3176.66747551557,0.862050654230754,0.964535303795869,-0.06126121507628,0.0731764702926171,0.00595762760816851
"TIB4Cue_vs_SoundOnly","central_so_spindle",3097,28,0,FALSE,-0.00314387907313599,0.0354138028006251,-0.0887755288760036,3078.75500638382,0.929266080036674,0.929266080036674,-0.0725809550423188,0.0662931968960469,-0.00314387907313599
"TIB4Cue_vs_SoundOnly","central_delta_spindle",3097,28,0,FALSE,-0.0316393844172553,0.0359383555582262,-0.880379302998273,3094.91572314092,0.378722221386367,0.865650791740266,-0.102104824530399,0.0388260556958883,-0.0316393844172553
"TIB4Cue_vs_SoundOnly","posterior_delta_spindle",3097,28,0,FALSE,0.0189970108666504,0.0359488993978771,0.528444853245554,3094.9992207708,0.597228502311132,0.929266080036674,-0.0514891021335328,0.0894831238668335,0.0189970108666504
"TIB4Cue_vs_SoundOnly","right_temporal_spindle_peak_freq",3097,28,0,FALSE,0.00967836957974784,0.0349021348271793,0.277300217527411,3073.49295820613,0.781568241533146,0.929266080036674,-0.0587555072604727,0.0781122464199684,0.00967836957974784
"TIB4Cue_vs_SoundOnly","left_temporal_spindle_peak_freq",3097,28,0,FALSE,0.034655029807687,0.0348815074744003,0.993507228238931,3073.65928642351,0.320541034578625,0.854776092209667,-0.0337384007785771,0.103048460393951,0.034655029807687
"TIB4Cue_vs_SoundOnly","frontal_central_so_spindle",3097,28,0,FALSE,-0.0489645120573637,0.0351773619385917,-1.39193246335072,3077.18365897552,0.164043443110133,0.656173772440534,-0.117938004049254,0.0200089799345263,-0.0489645120573637
"TIB4Cue_vs_SoundOnly","right_temporal_so_spindle",3097,28,0,FALSE,-0.00553889699433642,0.0358320428307093,-0.154579436637349,3086.92988353804,0.877162987710246,0.929266080036674,-0.0757959575772536,0.0647181635885807,-0.00553889699433642
"TIB4Cue_vs_SoundOnly","posterior_sigma_burst_amp",3097,28,0,FALSE,0.0214302680410881,0.0351992377315295,0.608827617363204,3077.76234382335,0.542683638077411,0.929266080036674,-0.0475861114820916,0.0904466475642678,0.0214302680410881
"TIB4Cue_vs_SoundOnly","left_temporal_delta_spindle",3097,28,0,TRUE,-0.0137932270672796,0.0359482793025523,-0.383696447643332,3095.00000005112,0.701229801029964,0.929266080036674,-0.0842781242205395,0.0566916700859803,-0.0137932270672796
"TIB4Cue_vs_SoundOnly","right_temporal_delta_spindle",3097,28,0,TRUE,-0.0271896576814365,0.0359458119127125,-0.75640683113408,3095.00000004834,0.449462884059492,0.898925768118984,-0.0976697169475298,0.0432904015846568,-0.0271896576814365
"TIB4Cue_vs_SoundOnly","central_aperiodic",3097,28,0,FALSE,0.202243667476669,0.0345385470277819,5.85559280516314,3073.41448486695,5.25514746990301e-09,8.40823595184481e-08,0.134522689690689,0.269964645262648,0.202243667476669
"TIB4Cue_vs_SoundOnly","left_temporal_so_spindle",3097,28,0,FALSE,0.0514008506359062,0.0359272793440599,1.43069142930815,3094.45762313822,0.152619640191878,0.656173772440534,-0.0190428760830382,0.121844577354851,0.0514008506359062
"TIB4Cue_vs_SoundOnly","frontal_delta_spindle",3097,28,0,TRUE,0.00723960570917707,0.0359488987530651,0.201386021833556,3095.00000002367,0.840409978227081,0.929266080036674,-0.0632465060197605,0.0777257174381146,0.00723960570917707
"TIB4Cue_vs_SoundOnly","occipital_delta_spindle",3097,28,0,TRUE,0.0143596487021737,0.0359482076396697,0.399453815503377,3094.99999995834,0.689586409653515,0.929266080036674,-0.0561251079394684,0.0848444053438158,0.0143596487021737
"TIB4Cue_vs_SoundOnly","posterior_spindle_peak_freq",3097,28,0,FALSE,-0.0414911973325125,0.0343027716638036,-1.20955815871562,3071.16487786873,0.226541580121169,0.724933056387739,-0.10874990124806,0.0257675065830346,-0.0414911973325125
"TIB4Cue_vs_SoundOnly","posterior_theta_power",3097,28,0,FALSE,0.0665122416162624,0.0350336273637646,1.89852569149195,3074.46674715925,0.0577204181919233,0.461763345535386,-0.00217944882019659,0.135203932052721,0.0665122416162624
"TICue_vs_TIB4Cue","central_so_spindle",3148,28,0,FALSE,0.0568226550631162,0.0353621374109345,1.60687840790828,3128.44342984016,0.108181960501155,0.43272784200462,-0.0125126856784688,0.126157995804701,0.0568226550631162
"TICue_vs_TIB4Cue","central_delta_spindle",3148,28,0,TRUE,-0.030197174185807,0.0356664814749091,-0.846654139603043,3145.9999999015,0.397252324811643,0.746982265158358,-0.100129098155804,0.0397347497841899,-0.030197174185807
"TICue_vs_TIB4Cue","posterior_delta_spindle",3148,28,0,TRUE,0.0214586977671797,0.035668492855189,0.601614928174852,3145.9999999964,0.547473838731772,0.746982265158358,-0.0484771699529984,0.0913945654873579,0.0214586977671797
"TICue_vs_TIB4Cue","right_temporal_spindle_peak_freq",3148,28,0,FALSE,-0.0201565099461532,0.0346003357401099,-0.58255243814837,3122.12721946166,0.560236698868769,0.746982265158358,-0.087998222081656,0.0476852021893495,-0.0201565099461532
"TICue_vs_TIB4Cue","left_temporal_spindle_peak_freq",3148,28,0,FALSE,-0.0389059878377035,0.0347210385307995,-1.12053064896638,3123.00494123191,0.262573859594053,0.654963060410413,-0.106984357423482,0.0291723817480752,-0.0389059878377035
"TICue_vs_TIB4Cue","frontal_central_so_spindle",3148,28,0,FALSE,0.0444419038027354,0.0350182983984624,1.26910517744308,3125.44050531899,0.204498053784603,0.654393772110731,-0.0242192895612114,0.113103097166682,0.0444419038027354
"TICue_vs_TIB4Cue","right_temporal_so_spindle",3148,28,0,FALSE,0.0379679251449155,0.0356201940839082,1.06591011423118,3135.73731333071,0.286546338929556,0.654963060410413,-0.0318733302627258,0.107809180552557,0.0379679251449155
"TICue_vs_TIB4Cue","posterior_sigma_burst_amp",3148,28,0,FALSE,0.0257560190895327,0.0345191744966605,0.74613658829021,3123.38734546889,0.455641061037718,0.746982265158358,-0.0419265476500621,0.0934385858291274,0.0257560190895327
"TICue_vs_TIB4Cue","left_temporal_delta_spindle",3148,28,0,TRUE,0.0120440148803448,0.0356698982671322,0.337652067021528,3146.00000005246,0.735647927315901,0.793488260940883,-0.0578946084567902,0.0819826382174798,0.0120440148803448
"TICue_vs_TIB4Cue","right_temporal_delta_spindle",3148,28,0,FALSE,-0.00447483632124002,0.0356613618451729,-0.125481363854469,3138.16131327284,0.900150515620525,0.900150515620525,-0.0743967893596833,0.0654471167172032,-0.00447483632124002
"TICue_vs_TIB4Cue","central_aperiodic",3148,28,0,FALSE,-0.0825513748722218,0.0345023899320294,-2.39262772911819,3122.58759046829,0.0167869635150045,0.268591416240073,-0.150201038433372,-0.014901711311072,-0.0825513748722218
"TICue_vs_TIB4Cue","left_temporal_so_spindle",3148,28,0,FALSE,0.0116519319828932,0.035662462809094,0.326728191635769,3141.07545972764,0.743895244632078,0.793488260940883,-0.058272154707665,0.0815760186734514,0.0116519319828932
"TICue_vs_TIB4Cue","frontal_delta_spindle",3148,28,0,FALSE,0.0154419975824895,0.0356689938752737,0.43292495539646,3141.76090911602,0.665099006687254,0.793488260940883,-0.0544948888151935,0.0853788839801725,0.0154419975824895
"TICue_vs_TIB4Cue","occipital_delta_spindle",3148,28,0,FALSE,-0.0240572408166217,0.0356638481556888,-0.674555384814364,3142.81471772416,0.500007902028549,0.746982265158358,-0.0939840288660445,0.0458695472328011,-0.0240572408166217
"TICue_vs_TIB4Cue","posterior_spindle_peak_freq",3148,28,0,FALSE,-0.0624310498425372,0.0336576514640352,-1.85488431684688,3119.792771244,0.0637070284131102,0.402356693952871,-0.128424437350558,0.00356233766548348,-0.0624310498425372
"TICue_vs_TIB4Cue","posterior_theta_power",3148,28,0,FALSE,-0.0610247036051474,0.0343151309232415,-1.77836138062978,3119.97484538421,0.0754418801161632,0.402356693952871,-0.128307225783954,0.00625781857365922,-0.0610247036051474
